{"cameraMode":{"drawMode":0,"name":"Shaded","section":"Shading Mode"},"sceneLighting":true,"audioPlay":false,"sceneViewState":{"m_AlwaysRefresh":true,"showFog":true,"showSkybox":true,"showFlares":true,"showImageEffects":true,"showParticleSystems":true,"showVisualEffectGraphs":true,"m_FxEnabled":true},"in2DMode":false,"pivot":{"x":15.070220947265625,"y":507.8927001953125,"z":355.0278015136719},"rotation":{"x":0.02813180536031723,"y":-0.0623374842107296,"z":-0.0017578640254214407,"w":-0.9976568818092346},"size":240.1498260498047,"orthographic":false}